Company Name,Location,Year,Month,Gross Floor Area (m²),Monthly Electricity Use (kWh),Electricity Use Intensity (kWh/m²),Operating Hours per Week,Number of Employees
PowerEdge Manufacturing,"Mississauga, ON",2020,January,12000,150000.0,150.0,60,300
PowerEdge Manufacturing,"Mississauga, ON",2020,February,12000,150417.53653444700,150.20876826722300,60,300
PowerEdge Manufacturing,"Mississauga, ON",2020,March,12000,150835.07306889400,150.41753653444700,60,300
PowerEdge Manufacturing,"Mississauga, ON",2020,April,12000,151252.6096033400,150.62630480167000,60,300
PowerEdge Manufacturing,"Mississauga, ON",2020,May,12000,151670.14613778700,150.83507306889400,60,300
PowerEdge Manufacturing,"Mississauga, ON",2020,June,12000,152087.68267223400,151.0438413361170,60,300
PowerEdge Manufacturing,"Mississauga, ON",2020,July,12000,152505.21920668100,151.2526096033400,60,300
PowerEdge Manufacturing,"Mississauga, ON",2020,August,12000,152922.75574112700,151.46137787056400,60,300
PowerEdge Manufacturing,"Mississauga, ON",2020,September,12000,153340.29227557400,151.67014613778700,60,300
PowerEdge Manufacturing,"Mississauga, ON",2020,October,12000,153757.82881002100,151.87891440501000,60,300
PowerEdge Manufacturing,"Mississauga, ON",2020,November,12000,154175.36534446800,152.08768267223400,60,300
PowerEdge Manufacturing,"Mississauga, ON",2020,December,12000,154592.90187891400,152.2964509394570,60,300
PowerEdge Manufacturing,"Mississauga, ON",2021,January,12000,155010.43841336100,152.50521920668100,60,300
PowerEdge Manufacturing,"Mississauga, ON",2021,February,12000,155427.97494780800,152.71398747390400,60,300
PowerEdge Manufacturing,"Mississauga, ON",2021,March,12000,155845.5114822550,152.92275574112700,60,300
PowerEdge Manufacturing,"Mississauga, ON",2021,April,12000,156263.04801670100,153.13152400835100,60,300
PowerEdge Manufacturing,"Mississauga, ON",2021,May,12000,156680.58455114800,153.34029227557400,60,300
PowerEdge Manufacturing,"Mississauga, ON",2021,June,12000,157098.121085595,153.5490605427980,60,300
PowerEdge Manufacturing,"Mississauga, ON",2021,July,12000,157515.65762004200,153.75782881002100,60,300
PowerEdge Manufacturing,"Mississauga, ON",2021,August,12000,157933.1941544890,153.96659707724400,60,300
PowerEdge Manufacturing,"Mississauga, ON",2021,September,12000,158350.7306889350,154.17536534446800,60,300
PowerEdge Manufacturing,"Mississauga, ON",2021,October,12000,158768.26722338200,154.38413361169100,60,300
PowerEdge Manufacturing,"Mississauga, ON",2021,November,12000,159185.8037578290,154.5929018789140,60,300
PowerEdge Manufacturing,"Mississauga, ON",2021,December,12000,159603.34029227600,154.80167014613800,60,300
PowerEdge Manufacturing,"Mississauga, ON",2022,January,12000,160020.87682672200,155.01043841336100,60,300
PowerEdge Manufacturing,"Mississauga, ON",2022,February,12000,160438.4133611690,155.21920668058500,60,300
PowerEdge Manufacturing,"Mississauga, ON",2022,March,12000,160855.94989561600,155.42797494780800,60,300
PowerEdge Manufacturing,"Mississauga, ON",2022,April,12000,161273.48643006300,155.63674321503100,60,300
PowerEdge Manufacturing,"Mississauga, ON",2022,May,12000,161691.0229645090,155.8455114822550,60,300
PowerEdge Manufacturing,"Mississauga, ON",2022,June,12000,162108.55949895600,156.05427974947800,60,300
PowerEdge Manufacturing,"Mississauga, ON",2022,July,12000,162526.09603340300,156.26304801670100,60,300
PowerEdge Manufacturing,"Mississauga, ON",2022,August,12000,162943.63256785000,156.47181628392500,60,300
PowerEdge Manufacturing,"Mississauga, ON",2022,September,12000,163361.16910229600,156.68058455114800,60,300
PowerEdge Manufacturing,"Mississauga, ON",2022,October,12000,163778.70563674300,156.8893528183720,60,300
PowerEdge Manufacturing,"Mississauga, ON",2022,November,12000,164196.24217119000,157.09812108559500,60,300
PowerEdge Manufacturing,"Mississauga, ON",2022,December,12000,164613.77870563700,157.30688935281800,60,300
PowerEdge Manufacturing,"Mississauga, ON",2023,January,12000,165031.3152400840,157.51565762004200,60,300
PowerEdge Manufacturing,"Mississauga, ON",2023,February,12000,165448.85177453000,157.72442588726500,60,300
PowerEdge Manufacturing,"Mississauga, ON",2023,March,12000,165866.38830897700,157.93319415448900,60,300
PowerEdge Manufacturing,"Mississauga, ON",2023,April,12000,166283.9248434240,158.1419624217120,60,300
PowerEdge Manufacturing,"Mississauga, ON",2023,May,12000,166701.46137787100,158.35073068893500,60,300
PowerEdge Manufacturing,"Mississauga, ON",2023,June,12000,167118.99791231700,158.55949895615900,60,300
PowerEdge Manufacturing,"Mississauga, ON",2023,July,12000,167536.5344467640,158.76826722338200,60,300
PowerEdge Manufacturing,"Mississauga, ON",2023,August,12000,167954.07098121100,158.97703549060500,60,300
PowerEdge Manufacturing,"Mississauga, ON",2023,September,12000,168371.6075156580,159.1858037578290,60,300
PowerEdge Manufacturing,"Mississauga, ON",2023,October,12000,168789.14405010400,159.39457202505200,60,300
PowerEdge Manufacturing,"Mississauga, ON",2023,November,12000,169206.68058455100,159.60334029227600,60,300
PowerEdge Manufacturing,"Mississauga, ON",2023,December,12000,169624.2171189980,159.81210855949900,60,300
UrbanSolutions Inc.,"Mississauga, ON",2020,January,15000,170041.75365344500,160.02087682672200,70,450
UrbanSolutions Inc.,"Mississauga, ON",2020,February,15000,170459.29018789100,160.22964509394600,70,450
UrbanSolutions Inc.,"Mississauga, ON",2020,March,15000,170876.8267223380,160.4384133611690,70,450
UrbanSolutions Inc.,"Mississauga, ON",2020,April,15000,171294.36325678500,160.64718162839200,70,450
UrbanSolutions Inc.,"Mississauga, ON",2020,May,15000,171711.89979123200,160.85594989561600,70,450
UrbanSolutions Inc.,"Mississauga, ON",2020,June,15000,172129.43632567800,161.06471816283900,70,450
UrbanSolutions Inc.,"Mississauga, ON",2020,July,15000,172546.97286012500,161.27348643006300,70,450
UrbanSolutions Inc.,"Mississauga, ON",2020,August,15000,172964.50939457200,161.482254697286,70,450
UrbanSolutions Inc.,"Mississauga, ON",2020,September,15000,173382.0459290190,161.6910229645090,70,450
UrbanSolutions Inc.,"Mississauga, ON",2020,October,15000,173799.58246346600,161.89979123173300,70,450
UrbanSolutions Inc.,"Mississauga, ON",2020,November,15000,174217.11899791200,162.10855949895600,70,450
UrbanSolutions Inc.,"Mississauga, ON",2020,December,15000,174634.6555323590,162.31732776618000,70,450
UrbanSolutions Inc.,"Mississauga, ON",2021,January,15000,175052.19206680600,162.52609603340300,70,450
UrbanSolutions Inc.,"Mississauga, ON",2021,February,15000,175469.7286012530,162.7348643006260,70,450
UrbanSolutions Inc.,"Mississauga, ON",2021,March,15000,175887.26513569900,162.94363256785000,70,450
UrbanSolutions Inc.,"Mississauga, ON",2021,April,15000,176304.80167014600,163.15240083507300,70,450
UrbanSolutions Inc.,"Mississauga, ON",2021,May,15000,176722.3382045930,163.36116910229600,70,450
UrbanSolutions Inc.,"Mississauga, ON",2021,June,15000,177139.87473904000,163.56993736952000,70,450
UrbanSolutions Inc.,"Mississauga, ON",2021,July,15000,177557.41127348600,163.7787056367430,70,450
UrbanSolutions Inc.,"Mississauga, ON",2021,August,15000,177974.9478079330,163.9874739039670,70,450
UrbanSolutions Inc.,"Mississauga, ON",2021,September,15000,178392.48434238000,164.19624217119000,70,450
UrbanSolutions Inc.,"Mississauga, ON",2021,October,15000,178810.02087682700,164.40501043841300,70,450
UrbanSolutions Inc.,"Mississauga, ON",2021,November,15000,179227.55741127300,164.61377870563700,70,450
UrbanSolutions Inc.,"Mississauga, ON",2021,December,15000,179645.09394572000,164.82254697286000,70,450
UrbanSolutions Inc.,"Mississauga, ON",2022,January,15000,180062.63048016700,165.0313152400840,70,450
UrbanSolutions Inc.,"Mississauga, ON",2022,February,15000,180480.16701461400,165.24008350730700,70,450
UrbanSolutions Inc.,"Mississauga, ON",2022,March,15000,180897.70354906100,165.44885177453000,70,450
UrbanSolutions Inc.,"Mississauga, ON",2022,April,15000,181315.24008350700,165.65762004175400,70,450
UrbanSolutions Inc.,"Mississauga, ON",2022,May,15000,181732.77661795400,165.86638830897700,70,450
UrbanSolutions Inc.,"Mississauga, ON",2022,June,15000,182150.31315240100,166.0751565762000,70,450
UrbanSolutions Inc.,"Mississauga, ON",2022,July,15000,182567.8496868480,166.2839248434240,70,450
UrbanSolutions Inc.,"Mississauga, ON",2022,August,15000,182985.38622129400,166.49269311064700,70,450
UrbanSolutions Inc.,"Mississauga, ON",2022,September,15000,183402.92275574100,166.70146137787100,70,450
UrbanSolutions Inc.,"Mississauga, ON",2022,October,15000,183820.4592901880,166.91022964509400,70,450
UrbanSolutions Inc.,"Mississauga, ON",2022,November,15000,184237.99582463500,167.11899791231700,70,450
UrbanSolutions Inc.,"Mississauga, ON",2022,December,15000,184655.53235908100,167.3277661795410,70,450
UrbanSolutions Inc.,"Mississauga, ON",2023,January,15000,185073.0688935280,167.53653444676400,70,450
UrbanSolutions Inc.,"Mississauga, ON",2023,February,15000,185490.60542797500,167.74530271398700,70,450
UrbanSolutions Inc.,"Mississauga, ON",2023,March,15000,185908.1419624220,167.95407098121100,70,450
UrbanSolutions Inc.,"Mississauga, ON",2023,April,15000,186325.67849686800,168.16283924843400,70,450
UrbanSolutions Inc.,"Mississauga, ON",2023,May,15000,186743.21503131500,168.37160751565800,70,450
UrbanSolutions Inc.,"Mississauga, ON",2023,June,15000,187160.751565762,168.580375782881,70,450
UrbanSolutions Inc.,"Mississauga, ON",2023,July,15000,187578.28810020900,168.78914405010400,70,450
UrbanSolutions Inc.,"Mississauga, ON",2023,August,15000,187995.82463465600,168.99791231732800,70,450
UrbanSolutions Inc.,"Mississauga, ON",2023,September,15000,188413.3611691020,169.20668058455100,70,450
UrbanSolutions Inc.,"Mississauga, ON",2023,October,15000,188830.89770354900,169.41544885177500,70,450
UrbanSolutions Inc.,"Mississauga, ON",2023,November,15000,189248.43423799600,169.6242171189980,70,450
UrbanSolutions Inc.,"Mississauga, ON",2023,December,15000,189665.97077244300,169.8329853862210,70,450
MetroHealth Clinics,"Mississauga, ON",2020,January,10000,190083.50730688900,170.0417536534450,65,200
MetroHealth Clinics,"Mississauga, ON",2020,February,10000,190501.04384133600,170.25052192066800,65,200
MetroHealth Clinics,"Mississauga, ON",2020,March,10000,190918.58037578300,170.45929018789100,65,200
MetroHealth Clinics,"Mississauga, ON",2020,April,10000,191336.11691023000,170.66805845511500,65,200
MetroHealth Clinics,"Mississauga, ON",2020,May,10000,191753.65344467600,170.8768267223380,65,200
MetroHealth Clinics,"Mississauga, ON",2020,June,10000,192171.18997912300,171.08559498956200,65,200
MetroHealth Clinics,"Mississauga, ON",2020,July,10000,192588.72651357000,171.29436325678500,65,200
MetroHealth Clinics,"Mississauga, ON",2020,August,10000,193006.2630480170,171.50313152400800,65,200
MetroHealth Clinics,"Mississauga, ON",2020,September,10000,193423.79958246300,171.71189979123200,65,200
MetroHealth Clinics,"Mississauga, ON",2020,October,10000,193841.3361169100,171.9206680584550,65,200
MetroHealth Clinics,"Mississauga, ON",2020,November,10000,194258.872651357,172.1294363256790,65,200
MetroHealth Clinics,"Mississauga, ON",2020,December,10000,194676.40918580400,172.3382045929020,65,200
MetroHealth Clinics,"Mississauga, ON",2021,January,10000,195093.94572025100,172.54697286012500,65,200
MetroHealth Clinics,"Mississauga, ON",2021,February,10000,195511.4822546970,172.75574112734900,65,200
MetroHealth Clinics,"Mississauga, ON",2021,March,10000,195929.01878914400,172.96450939457200,65,200
MetroHealth Clinics,"Mississauga, ON",2021,April,10000,196346.55532359100,173.1732776617950,65,200
MetroHealth Clinics,"Mississauga, ON",2021,May,10000,196764.09185803800,173.38204592901900,65,200
MetroHealth Clinics,"Mississauga, ON",2021,June,10000,197181.62839248400,173.59081419624200,65,200
MetroHealth Clinics,"Mississauga, ON",2021,July,10000,197599.16492693100,173.79958246346600,65,200
MetroHealth Clinics,"Mississauga, ON",2021,August,10000,198016.70146137800,174.00835073068900,65,200
MetroHealth Clinics,"Mississauga, ON",2021,September,10000,198434.23799582500,174.2171189979120,65,200
MetroHealth Clinics,"Mississauga, ON",2021,October,10000,198851.77453027100,174.4258872651360,65,200
MetroHealth Clinics,"Mississauga, ON",2021,November,10000,199269.31106471800,174.6346555323590,65,200
MetroHealth Clinics,"Mississauga, ON",2021,December,10000,199686.84759916500,174.84342379958200,65,200
MetroHealth Clinics,"Mississauga, ON",2022,January,10000,200104.3841336120,175.05219206680600,65,200
MetroHealth Clinics,"Mississauga, ON",2022,February,10000,200521.92066805800,175.26096033402900,65,200
MetroHealth Clinics,"Mississauga, ON",2022,March,10000,200939.4572025050,175.4697286012530,65,200
MetroHealth Clinics,"Mississauga, ON",2022,April,10000,201356.993736952,175.678496868476,65,200
MetroHealth Clinics,"Mississauga, ON",2022,May,10000,201774.53027139900,175.88726513569900,65,200
MetroHealth Clinics,"Mississauga, ON",2022,June,10000,202192.0668058460,176.09603340292300,65,200
MetroHealth Clinics,"Mississauga, ON",2022,July,10000,202609.6033402920,176.30480167014600,65,200
MetroHealth Clinics,"Mississauga, ON",2022,August,10000,203027.13987473900,176.5135699373700,65,200
MetroHealth Clinics,"Mississauga, ON",2022,September,10000,203444.6764091860,176.72233820459300,65,200
MetroHealth Clinics,"Mississauga, ON",2022,October,10000,203862.21294363300,176.9311064718160,65,200
MetroHealth Clinics,"Mississauga, ON",2022,November,10000,204279.74947807900,177.13987473904000,65,200
MetroHealth Clinics,"Mississauga, ON",2022,December,10000,204697.2860125260,177.34864300626300,65,200
MetroHealth Clinics,"Mississauga, ON",2023,January,10000,205114.82254697300,177.55741127348600,65,200
MetroHealth Clinics,"Mississauga, ON",2023,February,10000,205532.35908142000,177.7661795407100,65,200
MetroHealth Clinics,"Mississauga, ON",2023,March,10000,205949.8956158660,177.9749478079330,65,200
MetroHealth Clinics,"Mississauga, ON",2023,April,10000,206367.43215031300,178.18371607515700,65,200
MetroHealth Clinics,"Mississauga, ON",2023,May,10000,206784.96868476000,178.39248434238000,65,200
MetroHealth Clinics,"Mississauga, ON",2023,June,10000,207202.50521920700,178.60125260960300,65,200
MetroHealth Clinics,"Mississauga, ON",2023,July,10000,207620.04175365300,178.8100208768270,65,200
MetroHealth Clinics,"Mississauga, ON",2023,August,10000,208037.5782881000,179.01878914405000,65,200
MetroHealth Clinics,"Mississauga, ON",2023,September,10000,208455.11482254700,179.2275574112740,65,200
MetroHealth Clinics,"Mississauga, ON",2023,October,10000,208872.65135699400,179.43632567849700,65,200
MetroHealth Clinics,"Mississauga, ON",2023,November,10000,209290.1878914410,179.64509394572000,65,200
MetroHealth Clinics,"Mississauga, ON",2023,December,10000,209707.72442588700,179.85386221294400,65,200
TechGrowth Innovations,"Mississauga, ON",2020,January,18000,210125.26096033400,180.062630480167,75,500
TechGrowth Innovations,"Mississauga, ON",2020,February,18000,210542.7974947810,180.2713987473900,75,500
TechGrowth Innovations,"Mississauga, ON",2020,March,18000,210960.33402922800,180.48016701461400,75,500
TechGrowth Innovations,"Mississauga, ON",2020,April,18000,211377.8705636740,180.68893528183700,75,500
TechGrowth Innovations,"Mississauga, ON",2020,May,18000,211795.4070981210,180.89770354906100,75,500
TechGrowth Innovations,"Mississauga, ON",2020,June,18000,212212.94363256800,181.10647181628400,75,500
TechGrowth Innovations,"Mississauga, ON",2020,July,18000,212630.4801670150,181.31524008350700,75,500
TechGrowth Innovations,"Mississauga, ON",2020,August,18000,213048.0167014610,181.5240083507310,75,500
TechGrowth Innovations,"Mississauga, ON",2020,September,18000,213465.55323590800,181.73277661795400,75,500
TechGrowth Innovations,"Mississauga, ON",2020,October,18000,213883.0897703550,181.94154488517700,75,500
TechGrowth Innovations,"Mississauga, ON",2020,November,18000,214300.62630480200,182.15031315240100,75,500
TechGrowth Innovations,"Mississauga, ON",2020,December,18000,214718.16283924800,182.3590814196240,75,500
TechGrowth Innovations,"Mississauga, ON",2021,January,18000,215135.69937369500,182.5678496868480,75,500
TechGrowth Innovations,"Mississauga, ON",2021,February,18000,215553.23590814200,182.77661795407100,75,500
TechGrowth Innovations,"Mississauga, ON",2021,March,18000,215970.77244258900,182.98538622129400,75,500
TechGrowth Innovations,"Mississauga, ON",2021,April,18000,216388.3089770360,183.19415448851800,75,500
TechGrowth Innovations,"Mississauga, ON",2021,May,18000,216805.84551148200,183.40292275574100,75,500
TechGrowth Innovations,"Mississauga, ON",2021,June,18000,217223.38204592900,183.61169102296500,75,500
TechGrowth Innovations,"Mississauga, ON",2021,July,18000,217640.9185803760,183.8204592901880,75,500
TechGrowth Innovations,"Mississauga, ON",2021,August,18000,218058.45511482300,184.02922755741100,75,500
TechGrowth Innovations,"Mississauga, ON",2021,September,18000,218475.9916492690,184.23799582463500,75,500
TechGrowth Innovations,"Mississauga, ON",2021,October,18000,218893.52818371600,184.44676409185800,75,500
TechGrowth Innovations,"Mississauga, ON",2021,November,18000,219311.06471816300,184.6555323590810,75,500
TechGrowth Innovations,"Mississauga, ON",2021,December,18000,219728.6012526100,184.8643006263050,75,500
TechGrowth Innovations,"Mississauga, ON",2022,January,18000,220146.1377870560,185.0730688935280,75,500
TechGrowth Innovations,"Mississauga, ON",2022,February,18000,220563.67432150300,185.28183716075200,75,500
TechGrowth Innovations,"Mississauga, ON",2022,March,18000,220981.2108559500,185.49060542797500,75,500
TechGrowth Innovations,"Mississauga, ON",2022,April,18000,221398.74739039700,185.69937369519800,75,500
TechGrowth Innovations,"Mississauga, ON",2022,May,18000,221816.28392484300,185.90814196242200,75,500
TechGrowth Innovations,"Mississauga, ON",2022,June,18000,222233.82045929000,186.1169102296450,75,500
TechGrowth Innovations,"Mississauga, ON",2022,July,18000,222651.35699373700,186.32567849686800,75,500
TechGrowth Innovations,"Mississauga, ON",2022,August,18000,223068.89352818400,186.53444676409200,75,500
TechGrowth Innovations,"Mississauga, ON",2022,September,18000,223486.43006263000,186.74321503131500,75,500
TechGrowth Innovations,"Mississauga, ON",2022,October,18000,223903.96659707700,186.9519832985390,75,500
TechGrowth Innovations,"Mississauga, ON",2022,November,18000,224321.50313152400,187.160751565762,75,500
TechGrowth Innovations,"Mississauga, ON",2022,December,18000,224739.03966597100,187.3695198329850,75,500
TechGrowth Innovations,"Mississauga, ON",2023,January,18000,225156.57620041800,187.57828810020900,75,500
TechGrowth Innovations,"Mississauga, ON",2023,February,18000,225574.1127348640,187.78705636743200,75,500
TechGrowth Innovations,"Mississauga, ON",2023,March,18000,225991.64926931100,187.99582463465600,75,500
TechGrowth Innovations,"Mississauga, ON",2023,April,18000,226409.18580375800,188.20459290187900,75,500
TechGrowth Innovations,"Mississauga, ON",2023,May,18000,226826.7223382050,188.4133611691020,75,500
TechGrowth Innovations,"Mississauga, ON",2023,June,18000,227244.25887265100,188.62212943632600,75,500
TechGrowth Innovations,"Mississauga, ON",2023,July,18000,227661.79540709800,188.83089770354900,75,500
TechGrowth Innovations,"Mississauga, ON",2023,August,18000,228079.3319415450,189.03966597077200,75,500
TechGrowth Innovations,"Mississauga, ON",2023,September,18000,228496.86847599200,189.2484342379960,75,500
TechGrowth Innovations,"Mississauga, ON",2023,October,18000,228914.4050104380,189.45720250521900,75,500
TechGrowth Innovations,"Mississauga, ON",2023,November,18000,229331.94154488500,189.6659707724430,75,500
TechGrowth Innovations,"Mississauga, ON",2023,December,18000,229749.47807933200,189.87473903966600,75,500
EliteFinance Services,"Mississauga, ON",2020,January,14000,230167.0146137790,190.08350730688900,55,250
EliteFinance Services,"Mississauga, ON",2020,February,14000,230584.55114822500,190.29227557411300,55,250
EliteFinance Services,"Mississauga, ON",2020,March,14000,231002.08768267200,190.50104384133600,55,250
EliteFinance Services,"Mississauga, ON",2020,April,14000,231419.624217119,190.7098121085600,55,250
EliteFinance Services,"Mississauga, ON",2020,May,14000,231837.16075156600,190.91858037578300,55,250
EliteFinance Services,"Mississauga, ON",2020,June,14000,232254.69728601300,191.12734864300600,55,250
EliteFinance Services,"Mississauga, ON",2020,July,14000,232672.23382045900,191.33611691023000,55,250
EliteFinance Services,"Mississauga, ON",2020,August,14000,233089.77035490600,191.544885177453,55,250
EliteFinance Services,"Mississauga, ON",2020,September,14000,233507.30688935300,191.75365344467600,55,250
EliteFinance Services,"Mississauga, ON",2020,October,14000,233924.84342380000,191.9624217119000,55,250
EliteFinance Services,"Mississauga, ON",2020,November,14000,234342.37995824600,192.17118997912300,55,250
EliteFinance Services,"Mississauga, ON",2020,December,14000,234759.91649269300,192.37995824634700,55,250
EliteFinance Services,"Mississauga, ON",2021,January,14000,235177.45302714000,192.58872651357000,55,250
EliteFinance Services,"Mississauga, ON",2021,February,14000,235594.98956158700,192.79749478079300,55,250
EliteFinance Services,"Mississauga, ON",2021,March,14000,236012.5260960330,193.0062630480170,55,250
EliteFinance Services,"Mississauga, ON",2021,April,14000,236430.06263048000,193.21503131524000,55,250
EliteFinance Services,"Mississauga, ON",2021,May,14000,236847.59916492700,193.42379958246300,55,250
EliteFinance Services,"Mississauga, ON",2021,June,14000,237265.1356993740,193.63256784968700,55,250
EliteFinance Services,"Mississauga, ON",2021,July,14000,237682.67223382000,193.8413361169100,55,250
EliteFinance Services,"Mississauga, ON",2021,August,14000,238100.20876826700,194.05010438413400,55,250
EliteFinance Services,"Mississauga, ON",2021,September,14000,238517.745302714,194.258872651357,55,250
EliteFinance Services,"Mississauga, ON",2021,October,14000,238935.28183716100,194.46764091858000,55,250
EliteFinance Services,"Mississauga, ON",2021,November,14000,239352.81837160800,194.67640918580400,55,250
EliteFinance Services,"Mississauga, ON",2021,December,14000,239770.35490605400,194.88517745302700,55,250
EliteFinance Services,"Mississauga, ON",2022,January,14000,240187.89144050100,195.09394572025100,55,250
EliteFinance Services,"Mississauga, ON",2022,February,14000,240605.42797494800,195.3027139874740,55,250
EliteFinance Services,"Mississauga, ON",2022,March,14000,241022.96450939500,195.51148225469700,55,250
EliteFinance Services,"Mississauga, ON",2022,April,14000,241440.50104384100,195.72025052192100,55,250
EliteFinance Services,"Mississauga, ON",2022,May,14000,241858.03757828800,195.92901878914400,55,250
EliteFinance Services,"Mississauga, ON",2022,June,14000,242275.57411273500,196.13778705636700,55,250
EliteFinance Services,"Mississauga, ON",2022,July,14000,242693.11064718200,196.34655532359100,55,250
EliteFinance Services,"Mississauga, ON",2022,August,14000,243110.6471816280,196.5553235908140,55,250
EliteFinance Services,"Mississauga, ON",2022,September,14000,243528.18371607500,196.76409185803800,55,250
EliteFinance Services,"Mississauga, ON",2022,October,14000,243945.7202505220,196.97286012526100,55,250
EliteFinance Services,"Mississauga, ON",2022,November,14000,244363.2567849690,197.18162839248400,55,250
EliteFinance Services,"Mississauga, ON",2022,December,14000,244780.79331941500,197.39039665970800,55,250
EliteFinance Services,"Mississauga, ON",2023,January,14000,245198.32985386200,197.5991649269310,55,250
EliteFinance Services,"Mississauga, ON",2023,February,14000,245615.866388309,197.8079331941550,55,250
EliteFinance Services,"Mississauga, ON",2023,March,14000,246033.40292275600,198.01670146137800,55,250
EliteFinance Services,"Mississauga, ON",2023,April,14000,246450.9394572030,198.22546972860100,55,250
EliteFinance Services,"Mississauga, ON",2023,May,14000,246868.47599164900,198.43423799582500,55,250
EliteFinance Services,"Mississauga, ON",2023,June,14000,247286.01252609600,198.64300626304800,55,250
EliteFinance Services,"Mississauga, ON",2023,July,14000,247703.5490605430,198.8517745302710,55,250
EliteFinance Services,"Mississauga, ON",2023,August,14000,248121.08559499000,199.06054279749500,55,250
EliteFinance Services,"Mississauga, ON",2023,September,14000,248538.62212943600,199.26931106471800,55,250
EliteFinance Services,"Mississauga, ON",2023,October,14000,248956.1586638830,199.47807933194200,55,250
EliteFinance Services,"Mississauga, ON",2023,November,14000,249373.69519833000,199.68684759916500,55,250
EliteFinance Services,"Mississauga, ON",2023,December,14000,249791.23173277700,199.8956158663880,55,250
RetailGiant Warehouse,"Mississauga, ON",2020,January,22000,250208.76826722300,200.1043841336120,85,600
RetailGiant Warehouse,"Mississauga, ON",2020,February,22000,250626.30480167000,200.31315240083500,85,600
RetailGiant Warehouse,"Mississauga, ON",2020,March,22000,251043.8413361170,200.52192066805800,85,600
RetailGiant Warehouse,"Mississauga, ON",2020,April,22000,251461.37787056400,200.73068893528200,85,600
RetailGiant Warehouse,"Mississauga, ON",2020,May,22000,251878.91440501000,200.93945720250500,85,600
RetailGiant Warehouse,"Mississauga, ON",2020,June,22000,252296.45093945700,201.1482254697290,85,600
RetailGiant Warehouse,"Mississauga, ON",2020,July,22000,252713.98747390400,201.35699373695200,85,600
RetailGiant Warehouse,"Mississauga, ON",2020,August,22000,253131.52400835100,201.56576200417500,85,600
RetailGiant Warehouse,"Mississauga, ON",2020,September,22000,253549.0605427980,201.77453027139900,85,600
RetailGiant Warehouse,"Mississauga, ON",2020,October,22000,253966.59707724400,201.98329853862200,85,600
RetailGiant Warehouse,"Mississauga, ON",2020,November,22000,254384.133611691,202.1920668058460,85,600
RetailGiant Warehouse,"Mississauga, ON",2020,December,22000,254801.6701461380,202.4008350730690,85,600
RetailGiant Warehouse,"Mississauga, ON",2021,January,22000,255219.20668058500,202.60960334029200,85,600
RetailGiant Warehouse,"Mississauga, ON",2021,February,22000,255636.74321503100,202.81837160751600,85,600
RetailGiant Warehouse,"Mississauga, ON",2021,March,22000,256054.2797494780,203.02713987473900,85,600
RetailGiant Warehouse,"Mississauga, ON",2021,April,22000,256471.81628392500,203.23590814196200,85,600
RetailGiant Warehouse,"Mississauga, ON",2021,May,22000,256889.3528183720,203.4446764091860,85,600
RetailGiant Warehouse,"Mississauga, ON",2021,June,22000,257306.88935281800,203.65344467640900,85,600
RetailGiant Warehouse,"Mississauga, ON",2021,July,22000,257724.42588726500,203.86221294363300,85,600
RetailGiant Warehouse,"Mississauga, ON",2021,August,22000,258141.96242171200,204.07098121085600,85,600
RetailGiant Warehouse,"Mississauga, ON",2021,September,22000,258559.49895615900,204.27974947807900,85,600
RetailGiant Warehouse,"Mississauga, ON",2021,October,22000,258977.03549060500,204.48851774530300,85,600
RetailGiant Warehouse,"Mississauga, ON",2021,November,22000,259394.5720250520,204.6972860125260,85,600
RetailGiant Warehouse,"Mississauga, ON",2021,December,22000,259812.10855949900,204.90605427974900,85,600
RetailGiant Warehouse,"Mississauga, ON",2022,January,22000,260229.64509394600,205.11482254697300,85,600
RetailGiant Warehouse,"Mississauga, ON",2022,February,22000,260647.18162839200,205.32359081419600,85,600
RetailGiant Warehouse,"Mississauga, ON",2022,March,22000,261064.71816283900,205.53235908142000,85,600
RetailGiant Warehouse,"Mississauga, ON",2022,April,22000,261482.254697286,205.741127348643,85,600
RetailGiant Warehouse,"Mississauga, ON",2022,May,22000,261899.7912317330,205.94989561586600,85,600
RetailGiant Warehouse,"Mississauga, ON",2022,June,22000,262317.3277661800,206.1586638830900,85,600
RetailGiant Warehouse,"Mississauga, ON",2022,July,22000,262734.86430062600,206.36743215031300,85,600
RetailGiant Warehouse,"Mississauga, ON",2022,August,22000,263152.4008350730,206.57620041753700,85,600
RetailGiant Warehouse,"Mississauga, ON",2022,September,22000,263569.93736952000,206.78496868476000,85,600
RetailGiant Warehouse,"Mississauga, ON",2022,October,22000,263987.4739039670,206.9937369519830,85,600
RetailGiant Warehouse,"Mississauga, ON",2022,November,22000,264405.01043841300,207.20250521920700,85,600
RetailGiant Warehouse,"Mississauga, ON",2022,December,22000,264822.5469728600,207.41127348643000,85,600
RetailGiant Warehouse,"Mississauga, ON",2023,January,22000,265240.0835073070,207.62004175365300,85,600
RetailGiant Warehouse,"Mississauga, ON",2023,February,22000,265657.62004175400,207.82881002087700,85,600
RetailGiant Warehouse,"Mississauga, ON",2023,March,22000,266075.1565762000,208.0375782881000,85,600
RetailGiant Warehouse,"Mississauga, ON",2023,April,22000,266492.6931106470,208.24634655532400,85,600
RetailGiant Warehouse,"Mississauga, ON",2023,May,22000,266910.22964509400,208.455114822547,85,600
RetailGiant Warehouse,"Mississauga, ON",2023,June,22000,267327.7661795410,208.66388308977000,85,600
RetailGiant Warehouse,"Mississauga, ON",2023,July,22000,267745.3027139880,208.87265135699400,85,600
RetailGiant Warehouse,"Mississauga, ON",2023,August,22000,268162.83924843400,209.08141962421700,85,600
RetailGiant Warehouse,"Mississauga, ON",2023,September,22000,268580.375782881,209.2901878914410,85,600
RetailGiant Warehouse,"Mississauga, ON",2023,October,22000,268997.9123173280,209.49895615866400,85,600
RetailGiant Warehouse,"Mississauga, ON",2023,November,22000,269415.44885177500,209.70772442588700,85,600
RetailGiant Warehouse,"Mississauga, ON",2023,December,22000,269832.9853862210,209.91649269311100,85,600
GreenFuture Technologies,"Mississauga, ON",2020,January,25000,270250.5219206680,210.12526096033400,100,700
GreenFuture Technologies,"Mississauga, ON",2020,February,25000,270668.05845511500,210.3340292275570,100,700
GreenFuture Technologies,"Mississauga, ON",2020,March,25000,271085.5949895620,210.54279749478100,100,700
GreenFuture Technologies,"Mississauga, ON",2020,April,25000,271503.13152400800,210.7515657620040,100,700
GreenFuture Technologies,"Mississauga, ON",2020,May,25000,271920.6680584550,210.96033402922800,100,700
GreenFuture Technologies,"Mississauga, ON",2020,June,25000,272338.20459290200,211.16910229645100,100,700
GreenFuture Technologies,"Mississauga, ON",2020,July,25000,272755.7411273490,211.37787056367400,100,700
GreenFuture Technologies,"Mississauga, ON",2020,August,25000,273173.2776617950,211.5866388308980,100,700
GreenFuture Technologies,"Mississauga, ON",2020,September,25000,273590.8141962420,211.79540709812100,100,700
GreenFuture Technologies,"Mississauga, ON",2020,October,25000,274008.35073068900,212.00417536534400,100,700
GreenFuture Technologies,"Mississauga, ON",2020,November,25000,274425.8872651360,212.21294363256800,100,700
GreenFuture Technologies,"Mississauga, ON",2020,December,25000,274843.42379958200,212.42171189979100,100,700
GreenFuture Technologies,"Mississauga, ON",2021,January,25000,275260.9603340290,212.6304801670150,100,700
GreenFuture Technologies,"Mississauga, ON",2021,February,25000,275678.496868476,212.839248434238,100,700
GreenFuture Technologies,"Mississauga, ON",2021,March,25000,276096.0334029230,213.0480167014610,100,700
GreenFuture Technologies,"Mississauga, ON",2021,April,25000,276513.56993737000,213.25678496868500,100,700
GreenFuture Technologies,"Mississauga, ON",2021,May,25000,276931.1064718160,213.46555323590800,100,700
GreenFuture Technologies,"Mississauga, ON",2021,June,25000,277348.64300626300,213.67432150313200,100,700
GreenFuture Technologies,"Mississauga, ON",2021,July,25000,277766.1795407100,213.8830897703550,100,700
GreenFuture Technologies,"Mississauga, ON",2021,August,25000,278183.7160751570,214.09185803757800,100,700
GreenFuture Technologies,"Mississauga, ON",2021,September,25000,278601.25260960300,214.30062630480200,100,700
GreenFuture Technologies,"Mississauga, ON",2021,October,25000,279018.7891440500,214.50939457202500,100,700
GreenFuture Technologies,"Mississauga, ON",2021,November,25000,279436.32567849700,214.71816283924800,100,700
GreenFuture Technologies,"Mississauga, ON",2021,December,25000,279853.8622129440,214.9269311064720,100,700
GreenFuture Technologies,"Mississauga, ON",2022,January,25000,280271.39874739000,215.13569937369500,100,700
GreenFuture Technologies,"Mississauga, ON",2022,February,25000,280688.9352818370,215.3444676409190,100,700
GreenFuture Technologies,"Mississauga, ON",2022,March,25000,281106.47181628400,215.55323590814200,100,700
GreenFuture Technologies,"Mississauga, ON",2022,April,25000,281524.0083507310,215.76200417536500,100,700
GreenFuture Technologies,"Mississauga, ON",2022,May,25000,281941.54488517700,215.97077244258900,100,700
GreenFuture Technologies,"Mississauga, ON",2022,June,25000,282359.0814196240,216.1795407098120,100,700
GreenFuture Technologies,"Mississauga, ON",2022,July,25000,282776.617954071,216.38830897703500,100,700
GreenFuture Technologies,"Mississauga, ON",2022,August,25000,283194.1544885180,216.59707724425900,100,700
GreenFuture Technologies,"Mississauga, ON",2022,September,25000,283611.69102296500,216.80584551148200,100,700
GreenFuture Technologies,"Mississauga, ON",2022,October,25000,284029.2275574110,217.01461377870600,100,700
GreenFuture Technologies,"Mississauga, ON",2022,November,25000,284446.76409185800,217.22338204592900,100,700
GreenFuture Technologies,"Mississauga, ON",2022,December,25000,284864.3006263050,217.43215031315200,100,700
GreenFuture Technologies,"Mississauga, ON",2023,January,25000,285281.8371607520,217.6409185803760,100,700
GreenFuture Technologies,"Mississauga, ON",2023,February,25000,285699.37369519800,217.84968684759900,100,700
GreenFuture Technologies,"Mississauga, ON",2023,March,25000,286116.9102296450,218.05845511482300,100,700
GreenFuture Technologies,"Mississauga, ON",2023,April,25000,286534.44676409200,218.26722338204600,100,700
GreenFuture Technologies,"Mississauga, ON",2023,May,25000,286951.9832985390,218.4759916492690,100,700
GreenFuture Technologies,"Mississauga, ON",2023,June,25000,287369.51983298500,218.68475991649300,100,700
GreenFuture Technologies,"Mississauga, ON",2023,July,25000,287787.0563674320,218.89352818371600,100,700
GreenFuture Technologies,"Mississauga, ON",2023,August,25000,288204.59290187900,219.10229645093900,100,700
GreenFuture Technologies,"Mississauga, ON",2023,September,25000,288622.1294363260,219.31106471816300,100,700
GreenFuture Technologies,"Mississauga, ON",2023,October,25000,289039.66597077200,219.51983298538600,100,700
GreenFuture Technologies,"Mississauga, ON",2023,November,25000,289457.2025052190,219.72860125261000,100,700
GreenFuture Technologies,"Mississauga, ON",2023,December,25000,289874.739039666,219.937369519833,100,700
SmartMove Transport,"Mississauga, ON",2020,January,20000,290292.2755741130,220.14613778705600,90,550
SmartMove Transport,"Mississauga, ON",2020,February,20000,290709.81210856000,220.35490605428000,90,550
SmartMove Transport,"Mississauga, ON",2020,March,20000,291127.3486430060,220.56367432150300,90,550
SmartMove Transport,"Mississauga, ON",2020,April,20000,291544.88517745300,220.7724425887270,90,550
SmartMove Transport,"Mississauga, ON",2020,May,20000,291962.4217119000,220.98121085595000,90,550
SmartMove Transport,"Mississauga, ON",2020,June,20000,292379.95824634700,221.18997912317300,90,550
SmartMove Transport,"Mississauga, ON",2020,July,20000,292797.4947807930,221.39874739039700,90,550
SmartMove Transport,"Mississauga, ON",2020,August,20000,293215.0313152400,221.60751565762000,90,550
SmartMove Transport,"Mississauga, ON",2020,September,20000,293632.56784968700,221.81628392484300,90,550
SmartMove Transport,"Mississauga, ON",2020,October,20000,294050.1043841340,222.02505219206700,90,550
SmartMove Transport,"Mississauga, ON",2020,November,20000,294467.64091858000,222.2338204592900,90,550
SmartMove Transport,"Mississauga, ON",2020,December,20000,294885.1774530270,222.44258872651400,90,550
SmartMove Transport,"Mississauga, ON",2021,January,20000,295302.7139874740,222.65135699373700,90,550
SmartMove Transport,"Mississauga, ON",2021,February,20000,295720.2505219210,222.86012526096000,90,550
SmartMove Transport,"Mississauga, ON",2021,March,20000,296137.78705636700,223.0688935281840,90,550
SmartMove Transport,"Mississauga, ON",2021,April,20000,296555.3235908140,223.27766179540700,90,550
SmartMove Transport,"Mississauga, ON",2021,May,20000,296972.86012526100,223.48643006263000,90,550
SmartMove Transport,"Mississauga, ON",2021,June,20000,297390.39665970800,223.69519832985400,90,550
SmartMove Transport,"Mississauga, ON",2021,July,20000,297807.9331941550,223.90396659707700,90,550
SmartMove Transport,"Mississauga, ON",2021,August,20000,298225.4697286010,224.11273486430100,90,550
SmartMove Transport,"Mississauga, ON",2021,September,20000,298643.00626304800,224.32150313152400,90,550
SmartMove Transport,"Mississauga, ON",2021,October,20000,299060.5427974950,224.5302713987470,90,550
SmartMove Transport,"Mississauga, ON",2021,November,20000,299478.07933194200,224.73903966597100,90,550
SmartMove Transport,"Mississauga, ON",2021,December,20000,299895.6158663880,224.94780793319400,90,550
SmartMove Transport,"Mississauga, ON",2022,January,20000,300313.15240083500,225.15657620041800,90,550
SmartMove Transport,"Mississauga, ON",2022,February,20000,300730.6889352820,225.3653444676410,90,550
SmartMove Transport,"Mississauga, ON",2022,March,20000,301148.2254697290,225.5741127348640,90,550
SmartMove Transport,"Mississauga, ON",2022,April,20000,301565.76200417500,225.78288100208800,90,550
SmartMove Transport,"Mississauga, ON",2022,May,20000,301983.2985386220,225.99164926931100,90,550
SmartMove Transport,"Mississauga, ON",2022,June,20000,302400.8350730690,226.20041753653400,90,550
SmartMove Transport,"Mississauga, ON",2022,July,20000,302818.37160751600,226.40918580375800,90,550
SmartMove Transport,"Mississauga, ON",2022,August,20000,303235.9081419620,226.61795407098100,90,550
SmartMove Transport,"Mississauga, ON",2022,September,20000,303653.4446764090,226.8267223382050,90,550
SmartMove Transport,"Mississauga, ON",2022,October,20000,304070.98121085600,227.03549060542800,90,550
SmartMove Transport,"Mississauga, ON",2022,November,20000,304488.51774530300,227.24425887265100,90,550
SmartMove Transport,"Mississauga, ON",2022,December,20000,304906.0542797500,227.45302713987500,90,550
SmartMove Transport,"Mississauga, ON",2023,January,20000,305323.5908141960,227.6617954070980,90,550
SmartMove Transport,"Mississauga, ON",2023,February,20000,305741.12734864300,227.8705636743220,90,550
SmartMove Transport,"Mississauga, ON",2023,March,20000,306158.6638830900,228.07933194154500,90,550
SmartMove Transport,"Mississauga, ON",2023,April,20000,306576.20041753700,228.28810020876800,90,550
SmartMove Transport,"Mississauga, ON",2023,May,20000,306993.7369519830,228.49686847599200,90,550
SmartMove Transport,"Mississauga, ON",2023,June,20000,307411.27348643000,228.70563674321500,90,550
SmartMove Transport,"Mississauga, ON",2023,July,20000,307828.8100208770,228.91440501043800,90,550
SmartMove Transport,"Mississauga, ON",2023,August,20000,308246.3465553240,229.1231732776620,90,550
SmartMove Transport,"Mississauga, ON",2023,September,20000,308663.88308977000,229.33194154488500,90,550
SmartMove Transport,"Mississauga, ON",2023,October,20000,309081.4196242170,229.54070981210900,90,550
SmartMove Transport,"Mississauga, ON",2023,November,20000,309498.9561586640,229.74947807933200,90,550
SmartMove Transport,"Mississauga, ON",2023,December,20000,309916.49269311100,229.9582463465550,90,550
FoodPro Essentials,"Mississauga, ON",2020,January,16000,310334.0292275570,230.1670146137790,80,400
FoodPro Essentials,"Mississauga, ON",2020,February,16000,310751.5657620040,230.37578288100200,80,400
FoodPro Essentials,"Mississauga, ON",2020,March,16000,311169.10229645100,230.58455114822500,80,400
FoodPro Essentials,"Mississauga, ON",2020,April,16000,311586.63883089800,230.79331941544900,80,400
FoodPro Essentials,"Mississauga, ON",2020,May,16000,312004.1753653450,231.00208768267200,80,400
FoodPro Essentials,"Mississauga, ON",2020,June,16000,312421.71189979100,231.21085594989600,80,400
FoodPro Essentials,"Mississauga, ON",2020,July,16000,312839.248434238,231.419624217119,80,400
FoodPro Essentials,"Mississauga, ON",2020,August,16000,313256.7849686850,231.62839248434200,80,400
FoodPro Essentials,"Mississauga, ON",2020,September,16000,313674.32150313200,231.83716075156600,80,400
FoodPro Essentials,"Mississauga, ON",2020,October,16000,314091.8580375780,232.04592901878900,80,400
FoodPro Essentials,"Mississauga, ON",2020,November,16000,314509.39457202500,232.25469728601300,80,400
FoodPro Essentials,"Mississauga, ON",2020,December,16000,314926.9311064720,232.4634655532360,80,400
FoodPro Essentials,"Mississauga, ON",2021,January,16000,315344.46764091900,232.67223382045900,80,400
FoodPro Essentials,"Mississauga, ON",2021,February,16000,315762.0041753650,232.88100208768300,80,400
FoodPro Essentials,"Mississauga, ON",2021,March,16000,316179.5407098120,233.08977035490600,80,400
FoodPro Essentials,"Mississauga, ON",2021,April,16000,316597.0772442590,233.29853862212900,80,400
FoodPro Essentials,"Mississauga, ON",2021,May,16000,317014.61377870600,233.50730688935300,80,400
FoodPro Essentials,"Mississauga, ON",2021,June,16000,317432.1503131520,233.7160751565760,80,400
FoodPro Essentials,"Mississauga, ON",2021,July,16000,317849.68684759900,233.9248434238000,80,400
FoodPro Essentials,"Mississauga, ON",2021,August,16000,318267.2233820460,234.13361169102300,80,400
FoodPro Essentials,"Mississauga, ON",2021,September,16000,318684.75991649300,234.34237995824600,80,400
FoodPro Essentials,"Mississauga, ON",2021,October,16000,319102.2964509400,234.55114822547000,80,400
FoodPro Essentials,"Mississauga, ON",2021,November,16000,319519.83298538600,234.7599164926930,80,400
FoodPro Essentials,"Mississauga, ON",2021,December,16000,319937.369519833,234.96868475991600,80,400
FoodPro Essentials,"Mississauga, ON",2022,January,16000,320354.90605428000,235.17745302714000,80,400
FoodPro Essentials,"Mississauga, ON",2022,February,16000,320772.4425887270,235.38622129436300,80,400
FoodPro Essentials,"Mississauga, ON",2022,March,16000,321189.9791231730,235.59498956158700,80,400
FoodPro Essentials,"Mississauga, ON",2022,April,16000,321607.51565762000,235.80375782881000,80,400
FoodPro Essentials,"Mississauga, ON",2022,May,16000,322025.0521920670,236.0125260960330,80,400
FoodPro Essentials,"Mississauga, ON",2022,June,16000,322442.58872651400,236.2212943632570,80,400
FoodPro Essentials,"Mississauga, ON",2022,July,16000,322860.1252609600,236.43006263048000,80,400
FoodPro Essentials,"Mississauga, ON",2022,August,16000,323277.66179540700,236.63883089770400,80,400
FoodPro Essentials,"Mississauga, ON",2022,September,16000,323695.1983298540,236.84759916492700,80,400
FoodPro Essentials,"Mississauga, ON",2022,October,16000,324112.73486430100,237.0563674321500,80,400
FoodPro Essentials,"Mississauga, ON",2022,November,16000,324530.2713987470,237.26513569937400,80,400
FoodPro Essentials,"Mississauga, ON",2022,December,16000,324947.80793319400,237.47390396659700,80,400
FoodPro Essentials,"Mississauga, ON",2023,January,16000,325365.3444676410,237.68267223382000,80,400
FoodPro Essentials,"Mississauga, ON",2023,February,16000,325782.8810020880,237.89144050104400,80,400
FoodPro Essentials,"Mississauga, ON",2023,March,16000,326200.4175365350,238.10020876826700,80,400
FoodPro Essentials,"Mississauga, ON",2023,April,16000,326617.95407098100,238.3089770354910,80,400
FoodPro Essentials,"Mississauga, ON",2023,May,16000,327035.490605428,238.517745302714,80,400
FoodPro Essentials,"Mississauga, ON",2023,June,16000,327453.02713987500,238.72651356993700,80,400
FoodPro Essentials,"Mississauga, ON",2023,July,16000,327870.5636743220,238.93528183716100,80,400
FoodPro Essentials,"Mississauga, ON",2023,August,16000,328288.1002087680,239.14405010438400,80,400
FoodPro Essentials,"Mississauga, ON",2023,September,16000,328705.63674321500,239.3528183716080,80,400
FoodPro Essentials,"Mississauga, ON",2023,October,16000,329123.1732776620,239.5615866388310,80,400
FoodPro Essentials,"Mississauga, ON",2023,November,16000,329540.70981210900,239.77035490605400,80,400
FoodPro Essentials,"Mississauga, ON",2023,December,16000,329958.2463465550,239.97912317327800,80,400
CleanLife Services,"Mississauga, ON",2020,January,9000,330375.78288100200,240.18789144050100,50,150
CleanLife Services,"Mississauga, ON",2020,February,9000,330793.3194154490,240.39665970772400,50,150
CleanLife Services,"Mississauga, ON",2020,March,9000,331210.85594989600,240.60542797494800,50,150
CleanLife Services,"Mississauga, ON",2020,April,9000,331628.3924843420,240.8141962421710,50,150
CleanLife Services,"Mississauga, ON",2020,May,9000,332045.92901878900,241.02296450939500,50,150
CleanLife Services,"Mississauga, ON",2020,June,9000,332463.4655532360,241.23173277661800,50,150
CleanLife Services,"Mississauga, ON",2020,July,9000,332881.0020876830,241.44050104384100,50,150
CleanLife Services,"Mississauga, ON",2020,August,9000,333298.5386221300,241.6492693110650,50,150
CleanLife Services,"Mississauga, ON",2020,September,9000,333716.07515657600,241.8580375782880,50,150
CleanLife Services,"Mississauga, ON",2020,October,9000,334133.611691023,242.06680584551100,50,150
CleanLife Services,"Mississauga, ON",2020,November,9000,334551.14822547000,242.27557411273500,50,150
CleanLife Services,"Mississauga, ON",2020,December,9000,334968.6847599170,242.48434237995800,50,150
CleanLife Services,"Mississauga, ON",2021,January,9000,335386.22129436300,242.69311064718200,50,150
CleanLife Services,"Mississauga, ON",2021,February,9000,335803.75782881,242.90187891440500,50,150
CleanLife Services,"Mississauga, ON",2021,March,9000,336221.2943632570,243.1106471816280,50,150
CleanLife Services,"Mississauga, ON",2021,April,9000,336638.83089770400,243.31941544885200,50,150
CleanLife Services,"Mississauga, ON",2021,May,9000,337056.3674321500,243.52818371607500,50,150
CleanLife Services,"Mississauga, ON",2021,June,9000,337473.90396659700,243.73695198329900,50,150
CleanLife Services,"Mississauga, ON",2021,July,9000,337891.4405010440,243.9457202505220,50,150
CleanLife Services,"Mississauga, ON",2021,August,9000,338308.9770354910,244.1544885177450,50,150
CleanLife Services,"Mississauga, ON",2021,September,9000,338726.5135699370,244.36325678496900,50,150
CleanLife Services,"Mississauga, ON",2021,October,9000,339144.05010438400,244.57202505219200,50,150
CleanLife Services,"Mississauga, ON",2021,November,9000,339561.5866388310,244.78079331941500,50,150
CleanLife Services,"Mississauga, ON",2021,December,9000,339979.1231732780,244.98956158663900,50,150
CleanLife Services,"Mississauga, ON",2022,January,9000,340396.65970772400,245.19832985386200,50,150
CleanLife Services,"Mississauga, ON",2022,February,9000,340814.1962421710,245.4070981210860,50,150
CleanLife Services,"Mississauga, ON",2022,March,9000,341231.732776618,245.61586638830900,50,150
CleanLife Services,"Mississauga, ON",2022,April,9000,341649.26931106500,245.82463465553200,50,150
CleanLife Services,"Mississauga, ON",2022,May,9000,342066.8058455120,246.03340292275600,50,150
CleanLife Services,"Mississauga, ON",2022,June,9000,342484.34237995800,246.2421711899790,50,150
CleanLife Services,"Mississauga, ON",2022,July,9000,342901.878914405,246.4509394572030,50,150
CleanLife Services,"Mississauga, ON",2022,August,9000,343319.41544885200,246.65970772442600,50,150
CleanLife Services,"Mississauga, ON",2022,September,9000,343736.9519832990,246.86847599164900,50,150
CleanLife Services,"Mississauga, ON",2022,October,9000,344154.4885177450,247.07724425887300,50,150
CleanLife Services,"Mississauga, ON",2022,November,9000,344572.02505219200,247.28601252609600,50,150
CleanLife Services,"Mississauga, ON",2022,December,9000,344989.5615866390,247.49478079331900,50,150
CleanLife Services,"Mississauga, ON",2023,January,9000,345407.0981210860,247.7035490605430,50,150
CleanLife Services,"Mississauga, ON",2023,February,9000,345824.63465553200,247.91231732776600,50,150
CleanLife Services,"Mississauga, ON",2023,March,9000,346242.1711899790,248.12108559499000,50,150
CleanLife Services,"Mississauga, ON",2023,April,9000,346659.7077244260,248.32985386221300,50,150
CleanLife Services,"Mississauga, ON",2023,May,9000,347077.2442588730,248.5386221294360,50,150
CleanLife Services,"Mississauga, ON",2023,June,9000,347494.78079331900,248.7473903966600,50,150
CleanLife Services,"Mississauga, ON",2023,July,9000,347912.3173277660,248.9561586638830,50,150
CleanLife Services,"Mississauga, ON",2023,August,9000,348329.85386221300,249.16492693110600,50,150
CleanLife Services,"Mississauga, ON",2023,September,9000,348747.3903966600,249.37369519833000,50,150
CleanLife Services,"Mississauga, ON",2023,October,9000,349164.9269311070,249.58246346555300,50,150
CleanLife Services,"Mississauga, ON",2023,November,9000,349582.46346555300,249.79123173277700,50,150
CleanLife Services,"Mississauga, ON",2023,December,9000,350000.0,250.0,50,150